person_id,action,start_frame,end_frame,start_sec,end_sec
2,BROWSE,767,873,12.796,14.565
1,TAKE,818,874,13.647,14.581
2,TAKE,915,972,15.265,16.216
1,RETURN,941,971,15.699,16.2
3,BROWSE,999,1129,16.667,18.835
1,BROWSE,1027,1351,17.134,22.539
2,RETURN,1091,1208,18.202,20.153
3,TAKE,1195,1336,19.937,22.289
2,BROWSE,1297,1510,21.638,25.192
1,TAKE,1436,1514,23.957,25.259
3,RETURN,1464,1597,24.424,26.643
1,RETURN,1526,1562,25.459,26.059
2,TAKE,1544,1673,25.759,27.911
4,BROWSE,1630,1748,27.194,29.162
1,BROWSE,1667,1760,27.811,29.363
2,RETURN,1677,1722,27.978,28.729
3,BROWSE,1715,2347,28.612,39.156
5,BROWSE,1724,1943,28.762,32.416
2,TAKE,1755,1797,29.279,29.98
1,TAKE,1787,1871,29.813,31.215
4,TAKE,1791,1842,29.88,30.731
2,RETURN,1798,1837,29.997,30.647
5,TAKE,1993,2059,33.25,34.351
1,RETURN,2015,2101,33.617,35.052
4,RETURN,2052,2117,34.234,35.319
4,TAKE,2121,2201,35.385,36.72
5,RETURN,2253,2379,37.588,39.69
3,TAKE,2394,2501,39.94,41.725
4,RETURN,2416,2581,40.307,43.06
2,TAKE,2438,2503,40.674,41.758
5,BROWSE,2461,3158,41.058,52.686
4,BROWSE,2599,2957,43.36,49.333
2,RETURN,2601,2673,43.393,44.595
3,RETURN,2618,2726,43.677,45.479
2,BROWSE,2839,3027,47.364,50.5
3,BROWSE,2839,3035,47.364,50.634
4,TAKE,2999,3049,50.033,50.867
2,TAKE,3066,3200,51.151,53.387
3,TAKE,3076,3157,51.318,52.669
4,RETURN,3094,3137,51.618,52.336
7,BROWSE,3168,3920,52.853,65.399
5,TAKE,3196,3274,53.32,54.621
3,RETURN,3266,3404,54.488,56.79
5,RETURN,3285,3328,54.805,55.522
4,TAKE,3287,3370,54.838,56.223
3,RETURN,3404,3773,56.79,62.946
2,RETURN,3422,3466,57.09,57.824
2,BROWSE,3483,3630,58.108,60.56
3,TAKE,3533,3587,58.942,59.843
4,RETURN,3608,3678,60.193,61.361
2,TAKE,3704,3743,61.795,62.446
2,RETURN,3893,3920,64.948,65.399
